"V01_Row_ID","Chapter","Zone","Building","Area","Feature","Subfeature","Semantic_Object_or_Group","Evidence_Class","Evidence_Source","Physical_Location","Functional_Role","Must_Show","Recommended_Shot_Type","Recommended_Camera_Height","Recommended_View_Direction","Recommended_Duration_Sec","Needs_Multiple_Angles","Needs_World_Label","Needs_Overlay","Needs_Animation","Associated_Features","Coverage_Criteria","Potential_Occlusion","Technical_Risk","Planning_State","Notes","V02_Status","Evidence_Closure","Final_Evidence_Source","Final_Shot_IDs","Final_Coverage_Duration","Coverage_Confidence"
"CH01-01","CH01 — CAMPUS ESTABLISHMENT","CAMPUS","Campus masterplan","Aerial orientation","Campus establishment","Full campus and major zones","PRES_01_CAMPUS_HERO; NAV_TARGET_CAMPUS_AERIAL","A","REV004.1 manifest; M03/M04/M05 logs; V03 clean-master manifest","Campus-wide","Orient viewer before detail","Show campus extent, major zones, roads, landscape, production mass and people campus","restrained aerial establish","high aerial","southwest to northeast","10","Y","N","chapter title / zone guide","N","Production_Hall; POVU Plaza; Admin/R&D; RM/FG warehouses","Viewer can name the campus structure before the tour enters it","Roof or trees may hide edges","Aerial scale and label density","REQUIRED","Opening anchor; do not rush.","MERGED_ANCHOR","V01 modeled evidence retained; V02 source register adds the available project-document references where relevant.","REV004.1 manifest; M03/M04/M05 logs; V03 clean-master manifest","M06V02-S001","18","HIGH"
"CH01-02","CH01 — CAMPUS ESTABLISHMENT","CAMPUS","Production Hall","Exterior shell","Production massing","Roof, floor and wall separation","Production_Hall; PRODUCTION_ROOF; PRODUCTION_FLOOR; PRODUCTION_WALL_EAST/NORTH/SOUTH/WEST","A","REV004.1 manifest; M03/M04/M05 logs; V03 clean-master manifest","Central/east campus","Explain factory volume and later sectional reveal","Show the production shell as a legible building, not a background block","slow crane toward façade","medium aerial","southwest toward north façade","12","Y","N","building name / zone tint","N","Glass Deck; RM warehouse; FG warehouse","Roof/wall/floor relationship is readable","Large shell can flatten in neutral light","Section reveal must remain architectural","REQUIRED","Use semantic separation only as an explanatory reveal.","KEEP","V01 modeled evidence retained; V02 source register adds the available project-document references where relevant.","REV004.1 manifest; M03/M04/M05 logs; V03 clean-master manifest","M06V02-S002","12","HIGH"
"CH01-03","CH01 — CAMPUS ESTABLISHMENT","CAMPUS","Campus masterplan","Movement network","Orientation network","Roads, logistics spine and pedestrian links","NAV_TARGET_MAIN_ARRIVAL; NAV_TARGET_POVU_PLAZA; NAV_TARGET_PRODUCTION_HALL; AMR_SPINE","A","REV004.1 manifest; M03/M04/M05 logs; V03 clean-master manifest","Campus-wide","Show how visitors, employees and goods relate","Show road hierarchy, pedestrian spine, crossings and production transition","slow map-like aerial drift","high aerial","south arrival to production east","12","Y","N","route line / restrained arrows","N","Smart Totems; arrival; logistics","Viewer retains north/south and visitor/service separation","Vegetation repeats across the frame","Avoid map graphics obscuring geometry","REQUIRED","Spatial orientation shot.","MERGED_INTO","V01 modeled evidence retained; V02 source register adds the available project-document references where relevant.","REV004.1 manifest; M03/M04/M05 logs; V03 clean-master manifest","M06V02-S001","18","HIGH"
"CH01-04","CH01 — CAMPUS ESTABLISHMENT","CAMPUS","Public realm","Landscape network","Landscape framework","Green buffers, plaza, trees and social edges","BENCH_PLANTER*; CANOPY_BRANCH*; TREE_TRUNK*; PROD_PLANTER*","A","REV004.1 manifest; M03/M04/M05 logs; V03 clean-master manifest","Plaza and campus public realm","Make landscape a campus system","Show grouped planting and green buffers at campus scale","gentle arc and hold","medium aerial","west public realm toward east","10","Y","N","landscape legend","N","POVU Plaza; Organic Canopy; employee garden","Grouped landscape destinations are visible and contextual","Trees may mask building entries","Avoid counting individual trees as destinations","REQUIRED","Vegetation groups, not every tree.","KEEP","V01 modeled evidence retained; V02 source register adds the available project-document references where relevant.","REV004.1 manifest; M03/M04/M05 logs; V03 clean-master manifest","M06V02-S003","10","HIGH"
"CH01-05","CH01 — CAMPUS ESTABLISHMENT","CAMPUS","Wayfinding","Navigation layer","Smart wayfinding","Five documented placements","SMART_TOTEM_VIP_*; SMART_TOTEM_CAMPUS_01..04_*","A","REV004.1 manifest; M03/M04/M05 logs; V03 clean-master manifest","VIP approach plus four campus decision points","Demonstrate visitor legibility","Show flagship and campus totems in distinct context shots or overlay map","slow aerial to walking-height match cut","mixed","plaza to production transition","10","Y","Y","totem IDs / route overlay","N","VIP entrance; Glass Deck; Production Hall; Hands of Growth","Each placement is distinguishable and functionally located","Totems are small at campus scale","Use one label at a time","REQUIRED","Five placements: one VIP flagship, four campus.","KEEP","V01 modeled evidence retained; V02 source register adds the available project-document references where relevant.","REV004.1 manifest; M03/M04/M05 logs; V03 clean-master manifest","M06V02-S004","10","HIGH"
"CH02-01","CH02 — ARRIVAL + SUSTAINABILITY","ARRIVAL","Arrival edge","Site entry","Security and arrival","Gatehouse / security","No dedicated security/gatehouse semantic object found","D","REV004.1 manifest; M03/M04/M05 logs; V03 clean-master manifest","Arrival road area; no named gatehouse in REV004.1 manifest","State what is and is not modeled","Show modeled arrival road and mark security building as unconfirmed","slow road approach with hold","vehicle-height","south road toward plaza","12","N","N","UNCERTAIN callout","N","Main arrival; pedestrian spine","Arrival route is clear without claiming a missing gatehouse","Massing may not distinguish gatehouse","Do not fabricate security geometry","UNCERTAIN","Owner/document review needed before final production.","KEEP_WITH_CAVEAT","HSE access/fire documents close the planned emergency-gate concept; REV004.1 has arrival-road context but no dedicated gatehouse object. Keep as explicit DOCUMENTED_NOT_MODELED evidence card.","REV004.1 manifest; M03/M04/M05 logs; V03 clean-master manifest; HSE masterplan V2 slides 4,12,16,19-24","M06V02-S005","12","CAVEATED"
"CH02-02","CH02 — ARRIVAL + SUSTAINABILITY","SUSTAINABILITY","Solar field","PV installation 01","Ground/field PV","SOLAR_ARRAY group, 84 panel surfaces","SOLAR_ARRAY through SOLAR_ARRAY083; SOLAR_POST*; SOLAR_INVERTER","A","REV004.1 manifest; M03/M04/M05 logs; V03 clean-master manifest","North/east campus, approximately x27–110, y94.5–121.5, z2.2–3.0","Primary renewable generation field","Show full array extent, row repetition, support logic and inverter relationship","high establish then slow descending inspect","high to medium","west edge toward east/northeast","18","Y","Y","2.5 MW SOLAR PV / location 01","N","SOLAR_INVERTER; utilities; campus edge","Array reads as a distinct installation, not scattered blue tiles","Aerial perspective can merge rows","Need dedicated hold and readable scale","REQUIRED","84 modeled panel surfaces; do not claim 4,200 modeled panels.","MERGED_ANCHOR","HSE and REV004.1 model evidence agree on the PV field/canopy narrative; exact installed panel count/capacity is not inferred from proxy surfaces.","REV004.1 manifest; M03/M04/M05 logs; V03 clean-master manifest; HSE masterplan V2 slides 2,14-16","M06V02-S006","30","HIGH"
"CH02-03","CH02 — ARRIVAL + SUSTAINABILITY","SUSTAINABILITY","Solar field","PV installation 02","Low-mounted panel field","SolarPanel group, 48 panel surfaces","SolarPanel through SolarPanel047","B","REV004.1 manifest; M03/M04/M05 logs; V03 clean-master manifest","North/east campus, approximately x44–122, y86.8–109.2, z2.05–2.75","Additional modeled PV field; exact mounting relationship needs confirmation","Show this as a separate installation from SOLAR_ARRAY","oblique medium shot with slow lateral","medium aerial","southwest to northeast","18","Y","Y","PV location 02","N","SOLAR_INVERTER; north/east campus","Viewer can distinguish it from installation 01 by position and naming","No building association is explicit in manifest","Mounting type remains modeled-only","REQUIRED","Class B: clearly modeled, documentation absent.","MERGED_INTO","HSE confirms solar-field intent; exact SolarPanel field remains model-confirmed but installation/mounting relationship is not independently named.","REV004.1 manifest; M03/M04/M05 logs; V03 clean-master manifest; HSE masterplan V2 slides 2,14-16","M06V02-S006","30","MEDIUM"
"CH02-04","CH02 — ARRIVAL + SUSTAINABILITY","SUSTAINABILITY","Solar carport","PV installation 03","Canopy-mounted PV","SOLAR_CARPORT_PANEL group, 11 panels and 11 posts","SOLAR_CARPORT_PANEL*; SOLAR_CARPORT_POST*","A","REV004.1 manifest; M03/M04/M05 logs; V03 clean-master manifest","South campus edge, approximately x-14.5–94.5, y-92–-86, z5.28–6.32","Shade/canopy energy infrastructure","Show canopy structure, then lower to ground level and inspect what exists beneath; no seating claim without a named object","context → descend → under-canopy hold","eye level after aerial","along carport row","20","Y","Y","SOLAR CANOPY / location 03","N","Vehicle/pedestrian edge; landscaping if visible","Under-canopy relationship is explicit","No named seating/rest object confirmed","Must not imply parking or seating unless visible","REQUIRED","11 panel surfaces; 11 supports.","EXTEND_KEEP","HSE and REV004.1 model evidence agree on the PV field/canopy narrative; exact installed panel count/capacity is not inferred from proxy surfaces.","REV004.1 manifest; M03/M04/M05 logs; V03 clean-master manifest; HSE masterplan V2 slides 2,14-16","M06V02-S007","22","HIGH"
"CH02-05","CH02 — ARRIVAL + SUSTAINABILITY","SUSTAINABILITY","Solar infrastructure","Energy interface","Inverter and support cluster","SOLAR_INVERTER plus orphan support cluster","SOLAR_INVERTER; SOLAR_POST*","B","REV004.1 manifest; M03/M04/M05 logs; V03 clean-master manifest","Inverter near x40,y91; 14 support posts at south utility/social edge","Connect PV generation to campus utility story","Show inverter in context and flag unpaired support posts for confirmation","slow detail insert from solar overview","medium","array edge toward inverter","18","Y","Y","SOLAR INVERTER","N","Utility House; solar fields","Energy infrastructure relationship is legible","Support posts have no explicit panel partner in manifest","Requires owner confirmation before naming support cluster","REQUIRED","Support-only cluster is not counted as a fourth PV installation.","KEEP","Inverter is modeled; 14 support-only posts are separately flagged as unpaired and are not counted as a fourth PV installation.","REV004.1 manifest; M03/M04/M05 logs; V03 clean-master manifest; HSE masterplan V2 slides 2,14-16","M06V02-S008","18","MEDIUM"
"CH02-06","CH02 — ARRIVAL + SUSTAINABILITY","ARRIVAL","Campus public realm","Protected movement","Pedestrian-first arrival","Protected spine, crossings and wayfinding","NAV_TARGET_MAIN_ARRIVAL; SMART_TOTEM_CAMPUS_*; AMR_SPINE","A","REV004.1 manifest; M03/M04/M05 logs; V03 clean-master manifest","South/west arrival to plaza and production transition","Separate people circulation from service movement","Show pedestrian path, crossings, totems and relation to road/logistics","walking-height dolly with gentle crane","walking height","south arrival toward plaza","14","Y","Y","pedestrian route overlay","N","Solar carport; POVU Plaza; logistics","Viewer understands safe arrival logic","Trees and planters can hide crossings","Use restrained route line","REQUIRED","Safety presentation, not engineering compliance claim.","KEEP","V01 modeled evidence retained; V02 source register adds the available project-document references where relevant.","REV004.1 manifest; M03/M04/M05 logs; V03 clean-master manifest; HSE masterplan V2 slides 4,12,16,19-24","M06V02-S009","14","HIGH"
"CH03-01","CH03 — POVU VIP EXPERIENCE","VIP","VIP approach","Arrival marker","Flagship Smart Totem","Single VIP flagship","SMART_TOTEM_VIP_BODY; SMART_TOTEM_VIP_SCREEN; SMART_TOTEM_VIP_LIGHT","A","REV004.1 manifest; M03/M04/M05 logs; V03 clean-master manifest","VIP approach / POVU Plaza south edge","Welcome and visitor information","Approach, pause, show screen/light and point toward VIP entrance","slow dolly and hold","walking height","southwest toward VIP entrance","15","Y","Y","VIP SMART TOTEM","N","VIP canopy; Living Wall; Water Wall","Totem is identifiable and spatially connected to destination","Foreground landscaping can overlap base","Label must track without covering screen","REQUIRED","One flagship, not a generic campus totem.","KEEP","V01 modeled evidence retained; V02 source register adds the available project-document references where relevant.","REV004.1 manifest; M03/M04/M05 logs; V03 clean-master manifest","M06V02-S010","15","HIGH"
"CH03-02","CH03 — POVU VIP EXPERIENCE","VIP","VIP entrance","Living Wall","Extended Living Wall","Full usable left wall","LIVING_WALL_PANEL; LIVING_WALL_PANEL001; VIP_LivingWall; LIVING_WALL_EXTENDED_BACKING; LIVING_WALL_FOLIAGE*","A","REV004.1 manifest; M03/M04/M05 logs; V03 clean-master manifest","VIP left wall x approximately -97.4 to -65.1","Biophilic arrival edge","Show scale from end to end and relation to doors/portal/circulation","slow oblique lateral reveal","eye to 5m","west to east along wall","20","Y","N","LIVING WALL / EXTENDED","N","VIP doors; canopy; Water Wall","Full continuous wall reads as a destination","Trees can occlude lower wall","Use two angles if foliage masks continuity","REQUIRED","New REV004.1 extension is frozen and must not be edited.","KEEP","V01 modeled evidence retained; V02 source register adds the available project-document references where relevant.","REV004.1 manifest; M03/M04/M05 logs; V03 clean-master manifest","M06V02-S011","20","HIGH"
"CH03-03","CH03 — POVU VIP EXPERIENCE","VIP","VIP entrance","Water Wall","Contextual Water Wall","Structure, basin and branding","POVU_WATER_WALL_7M; POVU_WATER_WALL_FRAME; POVU_WATER_WALL_BASIN; WATER_WALL_POVU_SIGNAGE","A","REV004.1 manifest; M03/M04/M05 logs; V03 clean-master manifest","VIP frontage near x-58,y-92","Signature threshold and water feature","Show Water Wall between Living Wall and VIP entry with basin and POVU identity","slow approach from plaza","walking height","southwest toward wall and entry","24","Y","Y","WATER WALL / VIP","Y","Living Wall; VIP doors; Smart Totem","Viewer understands it as an arrival threshold","Signage may sit behind falling water","Requires shader animation in final renderer","REQUIRED","At least one contextual shot.","MERGED_ANCHOR","V01 modeled evidence retained; V02 source register adds the available project-document references where relevant.","REV004.1 manifest; M03/M04/M05 logs; V03 clean-master manifest","M06V02-S012","34","HIGH"
"CH03-04","CH03 — POVU VIP EXPERIENCE","VIP","VIP entrance","Water Wall","Water Wall detail","Falling water, crest, basin","WATER_WALL_STRUCTURE; WATER_WALL_TOP_FEED; WATER_WALL_WATER_SURFACE; POVU_WATER_WALL_BASIN_WATER; VIP_Waterfall","A","REV004.1 manifest; M03/M04/M05 logs; V03 clean-master manifest","Water Wall face and basin","Make water behavior visible","Close detail of falling water from crest to basin with readable branded context","near-static macro hold with subtle push","eye level","front then slight side","22","Y","N","WATER WALL DETAIL","Y","Basin; POVU sign","Falling water is unmistakably animated and lands in basin","Fine water may alias at distance","Need frame-driven deterministic animation","REQUIRED","Dedicated detail, not background texture.","MERGED_INTO","V01 modeled evidence retained; V02 source register adds the available project-document references where relevant.","REV004.1 manifest; M03/M04/M05 logs; V03 clean-master manifest","M06V02-S012","34","HIGH"
"CH03-05","CH03 — POVU VIP EXPERIENCE","VIP","VIP entrance","Entrance portal","Glass doors and lobby","Portal, double doors, mullion, lobby floor","VIP_ENTRANCE_CANOPY; VIP_ENTRANCE_DOOR_L/R; VIP_ENTRANCE_FRAME_*; VIP_ENTRANCE_LOBBY_FLOOR","A","REV004.1 manifest; M03/M04/M05 logs; V03 clean-master manifest","VIP entrance centered around x-58,y-79","Actual visitor entry","Show portal, doors, threshold and lobby visibility with breathing room","restrained frontal hold then short dolly","eye level","front-on then 15-degree oblique","18","Y","Y","VIP ENTRANCE","N","Living Wall; Water Wall; POVU identity","Door and lobby relationship is clear","Canopy/columns can occlude signage","Keep camera off centerline for door readability","REQUIRED","No 5-second flyby.","KEEP","V01 modeled evidence retained; V02 source register adds the available project-document references where relevant.","REV004.1 manifest; M03/M04/M05 logs; V03 clean-master manifest","M06V02-S013","18","HIGH"
"CH03-06","CH03 — POVU VIP EXPERIENCE","VIP","VIP frontage","Identity relationship","POVU identity composition","Signage and threshold ensemble","POVU_VIP_SIGN; VIP_ENTRANCE_SIGNAGE; POVU_WATER_WALL_7M; LIVING_WALL_EXTENDED_BACKING","A","REV004.1 manifest; M03/M04/M05 logs; V03 clean-master manifest","VIP frontage","Close chapter with coherent brand arrival","Wide hero holds all VIP elements together","gentle arc and hold","medium height","eastward arc around threshold","16","Y","Y","POVU VIP / arrival guide","Y","Smart Totem; canopy; basin","Viewer can name the complete VIP experience","Elements span wide frame","Need enough focal length to avoid distortion","REQUIRED","Departs toward public realm.","KEEP","V01 modeled evidence retained; V02 source register adds the available project-document references where relevant.","REV004.1 manifest; M03/M04/M05 logs; V03 clean-master manifest","M06V02-S014","16","HIGH"
"CH04-01","CH04 — LANDMARKS + PEOPLE CAMPUS","PUBLIC REALM","Hands of Growth","Landmark","Hands of Growth","Full sculpture and world-tracked label","HANDS_OF_GROWTH; HOG_HAND_LEFT; HOG_HAND_RIGHT; HOG_TREE_TRUNK; HOG_TREE_CROWN; HOG_PLINTH; LABEL_ANCHOR_HANDS_OF_GROWTH","A","REV004.1 manifest; M03/M04/M05 logs; V03 clean-master manifest","POVU Plaza / landmark at approximately x-108,y-79","Human-capability landmark","Show full sculpture, hands, tree, crown, plinth and label","slow approach then near-static hero","walking height","southwest toward landmark","20","Y","Y","HANDS OF GROWTH / People • Skills • Future","N","POVU Plaza; Smart Totem; landscape","Label points to actual crown/landmark and remains readable","Trees may compete with crown","World-space label tracking required","REQUIRED","One authoritative HOG root.","KEEP","V01 modeled evidence retained; V02 source register adds the available project-document references where relevant.","REV004.1 manifest; M03/M04/M05 logs; V03 clean-master manifest","M06V02-S015","20","HIGH"
"CH04-02","CH04 — LANDMARKS + PEOPLE CAMPUS","PUBLIC REALM","POVU Plaza","Public realm","Plaza relationship","Paths, seating/planters and landmark orientation","NAV_TARGET_POVU_PLAZA; BENCH_PLANTER*; SMART_TOTEM_CAMPUS_01_*","A","REV004.1 manifest; M03/M04/M05 logs; V03 clean-master manifest","POVU Plaza west/south public realm","Give people-scale context","Show how HOG, totem, paths and planting form a civic arrival space","walking-height lateral track","eye level","around plaza perimeter","18","Y","N","POVU PLAZA","N","HOG; Organic Canopy; arrival spine","Viewer understands plaza as a place, not empty foreground","Landscaping can hide ground details","Use low camera to show circulation","REQUIRED","Context shot after landmark detail.","KEEP","V01 modeled evidence retained; V02 source register adds the available project-document references where relevant.","REV004.1 manifest; M03/M04/M05 logs; V03 clean-master manifest","M06V02-S016","18","HIGH"
"CH04-03","CH04 — LANDMARKS + PEOPLE CAMPUS","PUBLIC REALM","Organic Canopy","Public realm","Organic Canopy","Branch/canopy structure","CANOPY_BRANCH*; NAV_TARGET_ORGANIC_CANOPY","A","REV004.1 manifest; M03/M04/M05 logs; V03 clean-master manifest","West/north public realm near HOG and employee landscape","Shade and social structure","Show canopy geometry, shade effect, approach and relation to paths","slow crane down through canopy","medium to eye level","under-canopy toward plaza","18","Y","N","ORGANIC CANOPY","N","Benches/planters; Garden Pods; plaza","Canopy reads as a distinct destination","Branches can silhouette against bright sky","Keep exposure consistent with R02 system","REQUIRED","Do not merge with generic tree cover.","KEEP","V01 modeled evidence retained; V02 source register adds the available project-document references where relevant.","REV004.1 manifest; M03/M04/M05 logs; V03 clean-master manifest","M06V02-S017","18","HIGH"
"CH04-04","CH04 — LANDMARKS + PEOPLE CAMPUS","PUBLIC REALM","Employee campus","Garden Pods","Garden Pods / social spaces","Tables, decks, planted edges","GARDENPOD_TABLE; GARDENPOD_DECK_00; employee landscape groups","A","REV004.1 manifest; M03/M04/M05 logs; V03 clean-master manifest","People campus / public realm","Show employee social use","Show pods from exterior context to deck/table detail","gentle dolly with short hold","eye level","along social spine","18","Y","N","GARDEN PODS","N","Academy; café; employee gardens","Pod/deck/table relationship is readable","No people assets are confirmed","Use graphic suggestion, not simulated occupancy","REQUIRED","Modeled function, no invented people.","KEEP","V01 modeled evidence retained; V02 source register adds the available project-document references where relevant.","REV004.1 manifest; M03/M04/M05 logs; V03 clean-master manifest","M06V02-S018","18","HIGH"
"CH04-05","CH04 — LANDMARKS + PEOPLE CAMPUS","PUBLIC REALM","Employee campus","Gardens","Employee garden and reflection landscape","Pond, benches, planting","PRES_42_EMPLOYEE_GARDENS; EMPLOYEE_REFLECTION_POND; GARDEN_BENCH; TREE_CANOPY021","A","REV004.1 manifest; M03/M04/M05 logs; V03 clean-master manifest","Employee garden / reflection edge","Restorative employee landscape","Show water/green/bench relationship and path connection","slow arc and low hold","eye level","garden edge toward pond","16","Y","N","EMPLOYEE GARDENS","N","Restaurant; Wellness; pedestrian spine","Functional landscape is distinct from decorative planting","Trees may hide pond edge","Reflection water may need material QA","REQUIRED","Use existing R02 visual treatment.","KEEP","V01 modeled evidence retained; V02 source register adds the available project-document references where relevant.","REV004.1 manifest; M03/M04/M05 logs; V03 clean-master manifest","M06V02-S019","16","HIGH"
"CH05-01","CH05 — KNOWLEDGE + PEOPLE FACILITIES","PEOPLE CAMPUS","Admin / HQ","Exterior and entry","Administration / HQ","Façade, signage, canopy, doors","ADMIN_HQ_ENTRANCE_*; ADMIN_HQ_ENTRANCE_SIGNAGE; Admin_RD_QC","A","REV004.1 manifest; M03/M04/M05 logs; V03 clean-master manifest","People campus west/south edge","Administrative front door","Show façade language, entrance, glazing, signage and landscape connection","slow façade reveal to entrance hold","eye level","oblique along façade","18","Y","Y","ADMIN / HQ","N","R&D/QC; Experience Link","Building identity and entry are unambiguous","Shared massing with R&D can confuse","Use signage and distinct angle","REQUIRED","Prior V03 route exists.","KEEP","V01 modeled evidence retained; V02 source register adds the available project-document references where relevant.","REV004.1 manifest; M03/M04/M05 logs; V03 clean-master manifest","M06V02-S020","18","HIGH"
"CH05-02","CH05 — KNOWLEDGE + PEOPLE FACILITIES","PEOPLE CAMPUS","R&D / QC","Exterior and entry","R&D / QC Innovation Centre","Entrance, glazing, green roof, meeting/MES relationship","R_D_QC_ENTRANCE_*; R_D_QC_ENTRANCE_SIGNAGE; GREEN_ROOF_Admin_RD_QC; MEETING_TABLE; MES_SCREEN","A","REV004.1 manifest; M03/M04/M05 logs; V03 clean-master manifest","People campus adjacent to HQ","Research, quality and innovation destination","Show exterior, entry, green roof cue and interior/operations relationship where modeled","slow approach through façade to interior glimpse","eye level","front oblique to glazing","18","Y","Y","R&D / QC","N","Admin/HQ; MES; Glass Deck","Viewer understands R&D/QC as a distinct facility","Glass reflection can hide interior","Interior geometry may be limited","REQUIRED","Do not claim unmodeled labs.","KEEP","V01 modeled evidence retained; V02 source register adds the available project-document references where relevant.","REV004.1 manifest; M03/M04/M05 logs; V03 clean-master manifest","M06V02-S021","18","HIGH"
"CH05-03","CH05 — KNOWLEDGE + PEOPLE FACILITIES","PEOPLE CAMPUS","POVU Academy","Training","Training / Academy","Multipurpose studio and experience roof","MULTIPURPOSE_STUDIO; EXPERIENCE_ROOF; EXPERIENCE_LINK; GARDENPOD_TABLE","A","REV004.1 manifest; M03/M04/M05 logs; V03 clean-master manifest","People campus / experience link","Learning and capability development","Show modeled studio/roof/deck relationship and label training as planned use","slow exterior-to-entry move","eye level","toward studio and link","16","Y","Y","POVU ACADEMY","N","Garden Pods; employee campus","Modeled learning destination is clear","Training-specific signage not named","Do not show invented classroom equipment","REQUIRED","Training is a facility route, not proof of program fit-out.","KEEP","V01 modeled evidence retained; V02 source register adds the available project-document references where relevant.","REV004.1 manifest; M03/M04/M05 logs; V03 clean-master manifest","M06V02-S022","16","HIGH"
"CH05-04","CH05 — KNOWLEDGE + PEOPLE FACILITIES","PEOPLE CAMPUS","Restaurant / Café","Dining","Restaurant / POVU Café","Terrace, glass front, tables, water channel","RESTAURANT_ENTRANCE_*; RESTAURANT_ENTRANCE_SIGNAGE; CAFE_TERRACE; CAFE_TABLE; CAFE_GLASS_FRONT; CAFE_WATER_CHANNEL","A","REV004.1 manifest; M03/M04/M05 logs; V03 clean-master manifest","South people campus","Dining and social relationship","Show entry, glass front, terrace/table and outdoor water/landscape connection","slow dolly with terrace hold","eye level","front to terrace","16","Y","Y","RESTAURANT / CAFÉ","N","Employee garden; wellness","Dining destination is understood as inside/outside experience","Trees can hide terrace","Need coverage beyond façade","REQUIRED","Use modeled terrace only.","KEEP","V01 modeled evidence retained; V02 source register adds the available project-document references where relevant.","REV004.1 manifest; M03/M04/M05 logs; V03 clean-master manifest","M06V02-S023","16","HIGH"
"CH05-05","CH05 — KNOWLEDGE + PEOPLE FACILITIES","PEOPLE CAMPUS","Wellness / Recreation","Wellness","Wellness and recreation","Pavilion, court, gym, fitness garden","WELLNESS_ENTRANCE_*; WELLNESS_ENTRANCE_SIGNAGE; WELLNESS_PAVILION; RECREATION_COURT; GYM_MACHINE_00; FITNESS_GARDEN","A","REV004.1 manifest; M03/M04/M05 logs; V03 clean-master manifest","South/east people campus","Employee wellbeing","Show pavilion entry, court, equipment cue and garden relationship","slow arc with detail insert","eye level","pavilion toward court/garden","16","Y","Y","WELLNESS / RECREATION","N","Employee gardens; daycare","Facility reads as wellbeing destination, not generic landscape","Court/pavilion may split across frame","Interior detail limited","REQUIRED","No claims beyond modeled elements.","KEEP","V01 modeled evidence retained; V02 source register adds the available project-document references where relevant.","REV004.1 manifest; M03/M04/M05 logs; V03 clean-master manifest","M06V02-S024","16","HIGH"
"CH05-06","CH05 — KNOWLEDGE + PEOPLE FACILITIES","PEOPLE CAMPUS","Daycare / Clinic","Family and health","Daycare and occupational health","Separate entries and immediate landscape","DAYCARE_ENTRANCE_*; DAYCARE_ENTRANCE_SIGNAGE; DAYCARE_GARDEN; DAYCARE_SHADE; PLAY_TOWER; CLINIC_ENTRY; CLINIC_BED; CLINIC_CANOPY; EMERGENCY_SHOWER","A","REV004.1 manifest; M03/M04/M05 logs; V03 clean-master manifest","People campus west/south facilities","Family support and occupational health","Cover daycare and clinic as two short, clearly labeled destinations","two restrained approach shots with match cut","eye level","daycare to clinic","14","Y","Y","DAYCARE / OCCUPATIONAL HEALTH","N","Wellness; pedestrian spine","Both facilities are independently identifiable","Shared landscape may blur destinations","Need separate labels and entrances","REQUIRED","Grouped row, two distinct subshots.","KEEP","V01 modeled evidence retained; V02 source register adds the available project-document references where relevant.","REV004.1 manifest; M03/M04/M05 logs; V03 clean-master manifest","M06V02-S025","14","HIGH"
"CH06-01","CH06 — GLASS DECK + SMART FACTORY OVERVIEW","GLASS DECK","Glass Deck","Exterior","Glass Deck exterior","Glazing, link and façade relationship","GLASS_DECK_LINK; GlassDeck_East; GlassDeck_West; DECK_TIMBER_FLOOR","A","REV004.1 manifest; M03/M04/M05 logs; V03 clean-master manifest","North/central production edge","Signature visitor overlook","Establish full Glass Deck and its relationship to production shell","slow crane and lateral hold","medium aerial to eye level","west/east along glazing","18","Y","Y","GLASS DECK","N","East/West/Central access; Production Hall","Viewer knows where the deck is and why it matters","Glazing can reflect neutral sky","Hold long enough to inspect","REQUIRED","Exterior establishment only; entry follows.","KEEP","V01 modeled evidence retained; V02 source register adds the available project-document references where relevant.","REV004.1 manifest; M03/M04/M05 logs; V03 clean-master manifest","M06V02-S026","18","HIGH"
"CH06-02","CH06 — GLASS DECK + SMART FACTORY OVERVIEW","GLASS DECK","Glass Deck","Access","East stair","Full 12-step access run","GLASS_DECK_EAST_STAIR; GLASS_DECK_EAST_STAIR_STEP_01..12; PRES_GLASS_DECK_EAST_ACCESS","A","REV004.1 manifest; M03/M04/M05 logs; V03 clean-master manifest","East edge of Glass Deck","Credible visitor access","Show stair start, complete run, landing and deck entry","slow walking-height climb","walking height","bottom to top of east stair","24","Y","Y","EAST GLASS DECK ACCESS","N","Glass glazing; deck floor","Complete access is visually traceable","Source massing partly occludes east view","Use alternate oblique if needed","REQUIRED","Prior M03 notes partial presentation occlusion.","KEEP","V01 modeled evidence retained; V02 source register adds the available project-document references where relevant.","REV004.1 manifest; M03/M04/M05 logs; V03 clean-master manifest","M06V02-S027","24","HIGH"
"CH06-03","CH06 — GLASS DECK + SMART FACTORY OVERVIEW","GLASS DECK","Glass Deck","Access","West stair","Full 12-step access run","GLASS_DECK_WEST_STAIR; GLASS_DECK_WEST_STAIR_STEP_01..12; PRES_GLASS_DECK_WEST_ACCESS","A","REV004.1 manifest; M03/M04/M05 logs; V03 clean-master manifest","West edge of Glass Deck","Credible visitor access","Show stair, landing, handoff to glazing and deck","slow walking-height climb and arc","walking height","bottom to top of west stair","20","Y","Y","WEST GLASS DECK ACCESS","N","Glass Deck exterior; plaza","West access is distinct from east access","Architecture may crowd stair","Keep lens wider than portrait shot","REQUIRED","Use as second access proof.","KEEP","V01 modeled evidence retained; V02 source register adds the available project-document references where relevant.","REV004.1 manifest; M03/M04/M05 logs; V03 clean-master manifest","M06V02-S028","20","HIGH"
"CH06-04","CH06 — GLASS DECK + SMART FACTORY OVERVIEW","GLASS DECK","Glass Deck","Access","Central stair and lift","Stair, lift enclosure, central landing","GLASS_DECK_CENTRAL_STAIR; GLASS_DECK_CENTRAL_STAIR_STEP_01..12; GLASS_DECK_CENTRAL_LIFT; GLASS_DECK_CENTRAL_LIFT_FRAME; PRES_GLASS_DECK_CENTRAL_ACCESS","A","REV004.1 manifest; M03/M04/M05 logs; V03 clean-master manifest","Central Glass Deck access","Primary public access and vertical movement","Show stair geometry, lift enclosure, landing and relationship to deck","restrained dolly and slight crane","walking height","front oblique toward lift","30","Y","Y","CENTRAL STAIR / LIFT","N","Glass Deck interior; production oversight","Access feels credible and readable","Lift can be hidden by stair geometry","Need one frontal and one oblique","REQUIRED","Central route receives most emphasis.","KEEP","V01 modeled evidence retained; V02 source register adds the available project-document references where relevant.","REV004.1 manifest; M03/M04/M05 logs; V03 clean-master manifest","M06V02-S029","30","HIGH"
"CH06-05","CH06 — GLASS DECK + SMART FACTORY OVERVIEW","GLASS DECK","Glass Deck","Interior","Walkway and meeting/operations view","Interior travel, timber floor, view through glass","GLASS_DECK_LINK_FLOOR; DECK_TIMBER_FLOOR; GLASS_DECK_LINK; MES_GLASS; MES_ROOM","A","REV004.1 manifest; M03/M04/M05 logs; V03 clean-master manifest","Inside Glass Deck link","Visitor experience over factory","Enter deck, travel along glazing, look through to production and internal operations where modeled","slow interior dolly with 3-second holds","eye level","along deck toward production","36","Y","Y","GLASS DECK INTERIOR","N","MES/control; production floor","Viewer sees why deck exists","Interior geometry may be sparse","Do not substitute exterior flyby","REQUIRED","Non-negotiable owner requirement.","EXTEND_KEEP","V01 modeled evidence retained; V02 source register adds the available project-document references where relevant.","REV004.1 manifest; M03/M04/M05 logs; V03 clean-master manifest","M06V02-S030","40","HIGH"
"CH06-06","CH06 — GLASS DECK + SMART FACTORY OVERVIEW","PRODUCTION","MES / control","Operations","MES/control relationship","Control room, consoles, screens, glass relation","MES_ROOM; MES_CONSOLE; MES_CONSOLE002; MES_SCREEN; MES_SCREEN001; MES_GLASS","A","REV004.1 manifest; M03/M04/M05 logs; V03 clean-master manifest","Production oversight edge","Digital operations visibility","Show screens/consoles and line-of-sight to production without inventing live data","near-static interior hold and glass reveal","eye level","console toward glazing","28","Y","Y","MES / CONTROL ROOM","N","Glass Deck; production lines","Control relationship is spatially clear","Screens are modeled proxies, not live dashboards","No fabricated metrics or status","REQUIRED","Silent visual; overlays must be restrained.","KEEP","V01 modeled evidence retained; V02 source register adds the available project-document references where relevant.","REV004.1 manifest; M03/M04/M05 logs; V03 clean-master manifest","M06V02-S031","28","HIGH"
"CH06-07","CH06 — GLASS DECK + SMART FACTORY OVERVIEW","PRODUCTION","Production Hall","Overview","Production hall sectional reveal","Roof/wall separation and process zoning","PRODUCTION_ROOF; PRODUCTION_FLOOR; PRODUCTION_WALL_*; Production_Hall; PRES_08_PROCESS_HALL","A","REV004.1 manifest; M03/M04/M05 logs; V03 clean-master manifest","Production Hall central interior/exterior","Explain organization before process details","Reveal roof/walls enough to show receiving, wet process, manufacturing, packaging flow","slow crane/section reveal then human-scale return","high to eye level","southwest to northeast across hall","18","Y","N","PRODUCTION HALL / zoning","N","Glass Deck; RM/FG flows","Spatial zoning reads without sci-fi exaggeration","Section reveal can feel like a cutaway gimmick","Use restrained opacity and no teleport","REQUIRED","Transition to material flow.","KEEP","V01 modeled evidence retained; V02 source register adds the available project-document references where relevant.","REV004.1 manifest; M03/M04/M05 logs; V03 clean-master manifest","M06V02-S032","18","HIGH"
"CH07-01","CH07 — MATERIALS + WET PROCESSING","LOGISTICS","Raw materials","Receiving","Raw Material Receiving","Dock, truck yard, leveler, load/pallet","RM_DOCK; RM_LEVELER; RM_Truck_Yard; RM_LOAD; RM_PALLET; PRES_09_RM_LOGISTICS","A","REV004.1 manifest; M03/M04/M05 logs; V03 clean-master manifest","North/east logistics edge","Beginning of material flow","Show arrival vehicle zone, dock interface, pallet entry and separation from people","slow vehicle-height approach with hold","vehicle height","toward RM dock","18","Y","Y","RAW MATERIAL RECEIVING","N","RM warehouse; chemical storage; pedestrian spine","Material flow begins visibly at a dock","Pallet repetition can flatten","Need truck/dock relationship even if trucks are proxy","REQUIRED","Do not jump directly to tanks.","MERGED_ANCHOR","V01 modeled evidence retained; V02 source register adds the available project-document references where relevant.","REV004.1 manifest; M03/M04/M05 logs; V03 clean-master manifest","M06V02-S033","34","HIGH"
"CH07-02","CH07 — MATERIALS + WET PROCESSING","LOGISTICS","Raw Material Warehouse","Warehouse","Raw Material Warehouse","Racks, aisles, pallets, dock interface","RM_Warehouse; RM_RACK_FRAME; RM_PALLET*; RM_LOAD; RM_DOCK; PRES_28_RM_WAREHOUSE","A","REV004.1 manifest; M03/M04/M05 logs; V03 clean-master manifest","North/east warehouse","Storage and internal scale","Enter aisle, show rack height, pallets and dock relationship","slow aisle dolly with aisle hold","eye level","down aisle toward dock","24","Y","Y","RAW MATERIAL WAREHOUSE","N","RM receiving; RM supermarket; AMR/logistics","Interior scale and function are understandable","Regular rack repetition can look procedural","Use selective labels and depth","REQUIRED","Meaningful interior coverage required.","MERGED_INTO","V01 modeled evidence retained; V02 source register adds the available project-document references where relevant.","REV004.1 manifest; M03/M04/M05 logs; V03 clean-master manifest","M06V02-S033","34","HIGH"
"CH07-03","CH07 — MATERIALS + WET PROCESSING","LOGISTICS","Chemical storage","Protected receiving","Chemical storage/unloading","IBC tanks, frames, pump and compound","Chemical_Compound; IBC_TANK; IBC_FRAME; RM_PUMP_00; RM_DOCK; RM_LOAD","A","REV004.1 manifest; M03/M04/M05 logs; V03 clean-master manifest","RM logistics edge","Controlled chemical input","Show IBC/pump/dock relationship and mark exact skid as not modeled","medium shot plus detail","eye level","side-on to IBC and pump","24","Y","Y","CHEMICAL STORAGE / controlled zone","N","RM receiving; wet process","Viewer sees a protected input area without overclaiming","No explicit unloading skid","Overlay must say modeled proxies only","REQUIRED","Exact chemical system fidelity is limited.","KEEP","HSE source documents the safety logic; REV004.1 supports presentation-level spatial evidence. No detailed compliance claim.","REV004.1 manifest; M03/M04/M05 logs; V03 clean-master manifest; HSE masterplan V2 slides 4,12,16,19-24","M06V02-S034","24","HIGH"
"CH07-04","CH07 — MATERIALS + WET PROCESSING","LOGISTICS","RM supermarket","Feeding","RM supermarket and liquid feeding","Bins, manifold, pump, header","RM_SUPERMARKET; RM_SUPER_BIN; RM_MANIFOLD; RM_FEED_HEADER; RM_PUMP_00; RM_LOAD","A","REV004.1 manifest; M03/M04/M05 logs; V03 clean-master manifest","RM warehouse/production transition","Stage and feed ingredients","Show storage-to-header/manifold relationship and route toward process hall","slow lateral track with flow overlay","eye level","warehouse toward process hall","48","Y","Y","RM SUPERMARKET → FEEDING","N","Chemical storage; ProcessTank_01..11","Process continuity is visible from storage to feed","Dense props may obscure pipes","Use one flow overlay, no false animation","REQUIRED","Major transition shot.","KEEP","V01 modeled evidence retained; V02 source register adds the available project-document references where relevant.","REV004.1 manifest; M03/M04/M05 logs; V03 clean-master manifest","M06V02-S035","48","HIGH"
"CH07-05","CH07 — MATERIALS + WET PROCESSING","PRODUCTION","Wet processing","Mixing hall","Wet processing and mixing","11 process tanks, platform, epoxy floor, access","ProcessTank_01..11; MIXING_PLATFORM; PROCESS_EPOXY_FLOOR; LABEL_ANCHOR_PROCESS_TANK_01..11; PRES_15_MIXING_HALL","A","REV004.1 manifest; M03/M04/M05 logs; V03 clean-master manifest","Production Hall west/central wet zone","Core process transformation","Establish hall, identify tank groups, show platform/access and selected labels; not 11 separate beauty shots","slow crane establish → platform dolly → detail holds","medium to eye level","across tank rows","42","Y","Y","TANK HALL / selected tank labels","N","RM feeding; CIP; downstream filling","Tank group, platform and process direction are clear","Tank repetition and roof may occlude","Limit labels to 1–3 at a time","REQUIRED","Primary long production chapter.","EXTEND_KEEP","V01 modeled evidence retained; V02 source register adds the available project-document references where relevant.","REV004.1 manifest; M03/M04/M05 logs; V03 clean-master manifest","M06V02-S036","46","HIGH"
"CH07-06","CH07 — MATERIALS + WET PROCESSING","UTILITIES","Process utilities","Hygiene","CIP and hypochlorite systems","Utility house, pipe bridge, air receiver, chemical proxies","Utility_House; UTILITY_PIPE_BRIDGE; AIR_RECEIVER; SCREW_COMPRESSOR_00; Chemical_Compound; IBC_TANK","A/C","REV004.1 manifest; M03/M04/M05 logs; V03 clean-master manifest","Utilities/process edge","Hygiene and utility support","Show actual utility proxies and explicitly identify missing dedicated CIP/hypochlorite-specific equipment","slow service-yard move with explanatory hold","eye level","utility house toward process hall","24","Y","Y","UTILITIES / CIP PROXY","N","Wet process; ETP; HSE","Coverage explains modeled support without claiming exact skid","Dedicated CIP skid and PP/FRP vessel not found","Document limitation must remain visible","REQUIRED","C with blocker note in completeness report.","KEEP_WITH_CAVEAT","HSE and equipment documents confirm CIP/hypochlorite functions; model provides Utility House, pipe bridge, air/chemical/IBC proxies only. Do not label a dedicated CIP skid or PP+FRP vessel.","REV004.1 manifest; M03/M04/M05 logs; V03 clean-master manifest; HSE masterplan V2 slides 4,12,16,19-24","M06V02-S037","28","CAVEATED"
"CH07-07","CH07 — MATERIALS + WET PROCESSING","PRODUCTION","Production Hall","Flow bridge","Process flow to downstream","Wet process exit toward filling/manufacturing","ProcessTank_01..11; FILLER_MONOBLOCK_*; EMPTY_BOTTLE_CONVEYOR; FILLED_CONVEYOR_*","A","REV004.1 manifest; M03/M04/M05 logs; V03 clean-master manifest","Central process-to-filling route","Connect chapters spatially","Move from tank hall toward filling and show downstream handoff","slow dolly along process spine","eye level","west to east","18","Y","Y","PROCESS FLOW","N","Bottle manufacturing; liquid filling; packaging","Viewer can follow process continuity","Transitions may skip hidden pipework","Use route overlay only where geometry supports","REQUIRED","Bridge shot into manufacturing.","KEEP","V01 modeled evidence retained; V02 source register adds the available project-document references where relevant.","REV004.1 manifest; M03/M04/M05 logs; V03 clean-master manifest","M06V02-S038","18","HIGH"
"CH08-01","CH08 — MANUFACTURING","PRODUCTION","Bottle line","Bottle manufacturing","Bottle manufacturing","Blow molding, hopper/dryer, leak test, conveyor","Bottle_BlowMolding; EMPTY_BOTTLE*; EMPTY_BOTTLE_CONVEYOR; HOPPER_DRYER; LEAK_TESTER; PRES_19_BOTTLE_MANUFACTURING","A","REV004.1 manifest; M03/M04/M05 logs; V03 clean-master manifest","Production Hall east/south line","Make primary container","Show line start, machine group, bottle transfer and output direction","slow line-following dolly with detail hold","eye level","along bottle conveyor","28","Y","Y","BOTTLE MANUFACTURING","N","Liquid filling; EOL","Start-to-output relationship is readable","Three modeled blow-molder proxies differ from prior workbook target","Do not claim exact equipment count","REQUIRED","Modeled proxy count limitation documented.","KEEP","Document-closed family/format requirement reconciled to modeled capability group; exact SKU-level equipment fidelity remains outside the frozen visual claim.","REV004.1 manifest; M03/M04/M05 logs; V03 clean-master manifest; Brand Strategy slides 2,8-10; Presidential Deck slides 6,9-14; 91-SKU workbook sheets 14(3.4),15(3.4),17(2.5)","M06V02-S039","28","HIGH"
"CH08-02","CH08 — MANUFACTURING","PRODUCTION","Closures line","Caps / closures","Closure manufacturing","Cap assembly, cappers, closure conveyor","Caps_Triggers; CAP_ASSEMBLY; CAPPER_01; CAPPER_02; CLOSURE_CONVEYOR; PRES_20_CAP_TRIGGER","A","REV004.1 manifest; M03/M04/M05 logs; V03 clean-master manifest","Production Hall east closure zone","Make closures and route them","Show machine cluster and conveyor handoff toward filling","slow lateral line move","eye level","toward closure conveyor","26","Y","Y","CAPS / CLOSURES","N","Trigger spray; bottle line; liquid filling","Closure production and handoff are distinguishable","Generic injection/press proxies","Avoid invented process names","REQUIRED","Group with trigger only if both remain readable.","MERGED_ANCHOR","Document-closed family/format requirement reconciled to modeled capability group; exact SKU-level equipment fidelity remains outside the frozen visual claim.","REV004.1 manifest; M03/M04/M05 logs; V03 clean-master manifest; Brand Strategy slides 2,8-10; Presidential Deck slides 6,9-14; 91-SKU workbook sheets 14(3.4),15(3.4),17(2.5)","M06V02-S040","38","HIGH"
"CH08-03","CH08 — MANUFACTURING","PRODUCTION","Trigger line","Trigger spray","Trigger spray manufacturing","Assembly machine and cap/closure interface","TRIGGER_ASSEMBLY; Caps_Triggers; CAPPER_02; CLOSURE_CONVEYOR","A","REV004.1 manifest; M03/M04/M05 logs; V03 clean-master manifest","Production Hall east trigger zone","Specialized closure capability","Show trigger assembly as a distinct branch and connect to closures","gentle arc with detail hold","eye level","diagonal across assembly","26","Y","Y","TRIGGER SPRAY","N","Caps/closures; filling","Trigger function is not lost inside generic cap shot","Shared zone can cause ambiguity","Use dedicated label and angle","REQUIRED","Separate capability.","MERGED_INTO","Document-closed family/format requirement reconciled to modeled capability group; exact SKU-level equipment fidelity remains outside the frozen visual claim.","REV004.1 manifest; M03/M04/M05 logs; V03 clean-master manifest; Brand Strategy slides 2,8-10; Presidential Deck slides 6,9-14; 91-SKU workbook sheets 14(3.4),15(3.4),17(2.5)","M06V02-S040","38","HIGH"
"CH08-04","CH08 — MANUFACTURING","PRODUCTION","Liquid filling","Liquid line","Liquid bottle filling","Filler monoblocks, carousels, drum filler, conveyors","FILLER_MONOBLOCK_01/02; FILLER_CAROUSEL_01/02; DRUM_FILLER; FILLED_CONVEYOR_01/02; PRES_21_LIQUID_FILLING","A","REV004.1 manifest; M03/M04/M05 logs; V03 clean-master manifest","Central/east filling zone","Fill liquid products","Show empty bottle arrival, filler groups and filled conveyor departure","slow line-following move with 2–3 labels","eye level","empty bottle to filled conveyor","30","Y","Y","LIQUID FILLING","N","Bottle manufacturing; sachets; packaging","Input/output relationship is explicit","Many repeated bottles can obscure machine body","Select one route and one overview","REQUIRED","Major capability.","EXTEND_KEEP","Document-closed family/format requirement reconciled to modeled capability group; exact SKU-level equipment fidelity remains outside the frozen visual claim.","REV004.1 manifest; M03/M04/M05 logs; V03 clean-master manifest; Brand Strategy slides 2,8-10; Presidential Deck slides 6,9-14; 91-SKU workbook sheets 14(3.4),15(3.4),17(2.5)","M06V02-S041","34","HIGH"
"CH08-05","CH08 — MANUFACTURING","PRODUCTION","Sachet line","Liquid sachets","Sachet packaging","FFS machines and output conveyor","LIQUID_FFS_01; LIQUID_FFS_02; Liquid_Packing; FILLED_CONVEYOR_02","A","REV004.1 manifest; M03/M04/M05 logs; V03 clean-master manifest","Liquid packaging zone","Serve small-format liquid portfolio","Show film/form/fill/seal proxy group and output route","near-static machine detail then exit track","eye level","along sachet lane","28","Y","Y","LIQUID SACHETS","N","Liquid filling; EOL","Sachet line is independently readable","Some semantic names are not in REV004.1 manifest categories","Use prior V03 route evidence and mark if not reload-confirmed","REQUIRED","Cross-check before M07 implementation.","KEEP","Document-closed family/format requirement reconciled to modeled capability group; exact SKU-level equipment fidelity remains outside the frozen visual claim.","REV004.1 manifest; M03/M04/M05 logs; V03 clean-master manifest; Brand Strategy slides 2,8-10; Presidential Deck slides 6,9-14; 91-SKU workbook sheets 14(3.4),15(3.4),17(2.5)","M06V02-S042","28","HIGH"
"CH08-06","CH08 — MANUFACTURING","PRODUCTION","Powder line","Powder","Powder handling and packaging","Bag dump, hoppers, lanes, packers, end conveyor","POWDER_BAG_DUMP_*; POWDER_HOPPER_*; POWDER_LANE*; Powder_Packaging; POWDER_PACKER_*; POWDER_END_CONVEYOR; PRES_23_POWDER","A","REV004.1 manifest; M03/M04/M05 logs; V03 clean-master manifest","Production Hall north/east powder zone","Handle and pack powder products","Establish powder input, show hopper/lanes, packer and output continuity","slow crane to eye-level line move","medium to eye level","input to output","28","Y","Y","POWDER HANDLING / PACK","N","EOL; warehouse","Powder flow is spatially continuous","Lane repetition","Use one selected lane and overview","REQUIRED","Combine handling and packaging only with clear labels.","KEEP","Document-closed family/format requirement reconciled to modeled capability group; exact SKU-level equipment fidelity remains outside the frozen visual claim.","REV004.1 manifest; M03/M04/M05 logs; V03 clean-master manifest; Brand Strategy slides 2,8-10; Presidential Deck slides 6,9-14; 91-SKU workbook sheets 14(3.4),15(3.4),17(2.5)","M06V02-S043","28","HIGH"
"CH08-07","CH08 — MANUFACTURING","PRODUCTION","Toothpaste line","Toothpaste","Toothpaste manufacture and packaging","Homogenizer, vacuum mixer, holding, motor, filler/FFS/cartoner","Toothpaste; TOOTHPASTE_HOMOGENIZER; TOOTHPASTE_VACUUM_MIXER; TOOTHPASTE_HOLDING; TOOTHPASTE_MOTOR; TUBE_FILLER; TOOTHPASTE_FFS; TP_CARTONER","A","REV004.1 manifest; M03/M04/M05 logs; V03 clean-master manifest","Production Hall north/west toothpaste zone","Make and package toothpaste","Show wet formulation equipment then tube fill/carton handoff","slow process move with match cut to packaging","eye level","mixing toward tube filling","26","Y","Y","TOOTHPASTE","N","Wet processing; packaging; EOL","Formulation-to-packaging relationship is clear","Packaging object names vary between inventories","Treat exact machine count as proxy","REQUIRED","Do not imply SKU-specific output.","KEEP","Document-closed family/format requirement reconciled to modeled capability group; exact SKU-level equipment fidelity remains outside the frozen visual claim.","REV004.1 manifest; M03/M04/M05 logs; V03 clean-master manifest; Brand Strategy slides 2,8-10; Presidential Deck slides 6,9-14; 91-SKU workbook sheets 14(3.4),15(3.4),17(2.5)","M06V02-S044","26","HIGH"
"CH08-08","CH08 — MANUFACTURING","PRODUCTION","Wipes line","Standard wipes","Standard wet wipes","Unwind, lotion, cut, fold, pack, outflow","WIPES_UNWIND_STANDARD; WIPES_LOTION_STANDARD; WIPES_CUT_STANDARD; WIPES_FOLD_STANDARD; WIPES_PACK_STANDARD; WIPES_OUT_STANDARD; PRES_25_WIPES_STANDARD","A","REV004.1 manifest; M03/M04/M05 logs; V03 clean-master manifest","Production Hall north/east wipes zone","Produce standard wipes","Show line direction across major machine groups and output","slow side-track with 3 detail holds","eye level","unwind to output","26","Y","Y","STANDARD WIPES","N","Medical/baby wipes; flushable wipes; EOL","Line stages are legible as a connected family","Three parallel lines can look identical","Use distinct row labels and color only if R02-consistent","REQUIRED","Family sequence.","KEEP","Document-closed family/format requirement reconciled to modeled capability group; exact SKU-level equipment fidelity remains outside the frozen visual claim.","REV004.1 manifest; M03/M04/M05 logs; V03 clean-master manifest; Brand Strategy slides 2,8-10; Presidential Deck slides 6,9-14; 91-SKU workbook sheets 14(3.4),15(3.4),17(2.5)","M06V02-S045","26","HIGH"
"CH08-09","CH08 — MANUFACTURING","PRODUCTION","Wipes line","Medical/baby wipes","Medical and baby wipes","Dedicated parallel line","WIPES_UNWIND_MEDBABY; WIPES_LOTION_MEDBABY; WIPES_CUT_MEDBABY; WIPES_FOLD_MEDBABY; WIPES_PACK_MEDBABY; WIPES_OUT_MEDBABY; PRES_26_WIPES_MEDBABY","A","REV004.1 manifest; M03/M04/M05 logs; V03 clean-master manifest","Production Hall north/east wipes zone","Specialized wipes family","Show parallel line and distinguish from standard/flushable by labels and route","restrained lateral arc","eye level","parallel to standard line","32","Y","Y","MEDICAL / BABY WIPES","N","Standard wipes; flushable wipes","Distinct capability is identifiable","Parallel equipment repetition","Need careful labels and camera separation","REQUIRED","Multiple-angle family coverage.","KEEP","Document-closed family/format requirement reconciled to modeled capability group; exact SKU-level equipment fidelity remains outside the frozen visual claim.","REV004.1 manifest; M03/M04/M05 logs; V03 clean-master manifest; Brand Strategy slides 2,8-10; Presidential Deck slides 6,9-14; 91-SKU workbook sheets 14(3.4),15(3.4),17(2.5)","M06V02-S046","32","HIGH"
"CH08-10","CH08 — MANUFACTURING","PRODUCTION","Wipes line","Flushable wipes","Flushable wipes","Dedicated parallel line and output","WIPES_UNWIND_FLUSHABLE; WIPES_LOTION_FLUSHABLE; WIPES_CUT_FLUSHABLE; WIPES_FOLD_FLUSHABLE; WIPES_PACK_FLUSHABLE; WIPES_OUT_FLUSHABLE; PRES_27_WIPES_FLUSHABLE","A","REV004.1 manifest; M03/M04/M05 logs; V03 clean-master manifest","Production Hall north/east wipes zone","Specialized wipes family","Show line direction, pack output and family distinction","slow approach and exit toward packaging","eye level","parallel line toward merge conveyor","20","Y","Y","FLUSHABLE WIPES","N","Wipes merge; EOL; FG flow","Flushable line is not reduced to background repetition","Shared merge can confuse output","Show independent path before merge","REQUIRED","End of manufacturing chapter.","KEEP","Document-closed family/format requirement reconciled to modeled capability group; exact SKU-level equipment fidelity remains outside the frozen visual claim.","REV004.1 manifest; M03/M04/M05 logs; V03 clean-master manifest; Brand Strategy slides 2,8-10; Presidential Deck slides 6,9-14; 91-SKU workbook sheets 14(3.4),15(3.4),17(2.5)","M06V02-S047","20","HIGH"
"CH09-01","CH09 — PACKAGING + AUTOMATION + LOGISTICS","LOGISTICS","Packaging warehouse","Packaging supply","Packaging Material Warehouse","Racks, aisles, pallets, loading interface","Packaging_Warehouse; PK_RACK_FRAME; PK_PALLET*; PK_LOAD; RM_DOCK; PRES_29_PACKAGING_WAREHOUSE","A","REV004.1 manifest; M03/M04/M05 logs; V03 clean-master manifest","North/east logistics and packaging edge","Stage packaging materials","Show interior rack scale, aisle movement and relation to packaging floor","slow aisle dolly","eye level","down packaging rack aisle","20","Y","Y","PACKAGING WAREHOUSE","N","PK supermarket; packaging lines","Warehouse function is legible","Rack repetition","Need inside view, not only exterior","REQUIRED","Modeled interior coverage.","MERGED_ANCHOR","V01 modeled evidence retained; V02 source register adds the available project-document references where relevant.","REV004.1 manifest; M03/M04/M05 logs; V03 clean-master manifest","M06V02-S048","32","HIGH"
"CH09-02","CH09 — PACKAGING + AUTOMATION + LOGISTICS","LOGISTICS","Packaging supermarket","Staging","Packaging Material Supermarket","Bins, racks, pallets","PK_SUPERMARKET; PK_SUPER_BIN; PK_RACK_FRAME; PK_PALLET*; PRES_30_SUPERMARKETS","A","REV004.1 manifest; M03/M04/M05 logs; V03 clean-master manifest","Packaging staging transition","Short-term line feeding","Show bins/pallets and route to packaging machines","slow lateral track with flow cue","eye level","warehouse to line","24","Y","Y","PK SUPERMARKET","N","Packaging warehouse; EOL","Stage-to-line relationship is visible","Identical bins","Use one restrained flow overlay","REQUIRED","Continuity shot.","MERGED_INTO","V01 modeled evidence retained; V02 source register adds the available project-document references where relevant.","REV004.1 manifest; M03/M04/M05 logs; V03 clean-master manifest","M06V02-S048","32","HIGH"
"CH09-03","CH09 — PACKAGING + AUTOMATION + LOGISTICS","PRODUCTION","End of line","Automation","End-of-line automation","Robot palletizer, robot arm/base, conveyor, pallets","ROBOT_PALLETIZER; ROBOT_ARM; ROBOT_BASE; POWDER_END_CONVEYOR; FG_PALLET; PRES_22_END_OF_LINE","A","REV004.1 manifest; M03/M04/M05 logs; V03 clean-master manifest","Production-to-FG boundary","Convert packed cases to pallets","Show conveyor arrival, robot/pallet interface and staged output","slow arc around robot with hold","eye level","conveyor toward palletizer","22","Y","Y","END OF LINE","N","FG staging; AMR; FG warehouse","Process continuity is readable","Robot is static proxy unless animated later","Do not imply operational motion in M06","REQUIRED","Model proves equipment, not live automation.","KEEP","V01 modeled evidence retained; V02 source register adds the available project-document references where relevant.","REV004.1 manifest; M03/M04/M05 logs; V03 clean-master manifest","M06V02-S049","22","HIGH"
"CH09-04","CH09 — PACKAGING + AUTOMATION + LOGISTICS","LOGISTICS","Internal logistics","AMR spine","AMR / smart internal logistics","Spine, cross, AMR units and tops","AMR_SPINE; AMR_CROSS; AMR_00..06; AMR_TOP_00..06; PRES_31_AMR_LOGISTICS","A","REV004.1 manifest; M03/M04/M05 logs; V03 clean-master manifest","Production/logistics transition","Move pallets between zones","Show route network, AMR bodies and pallet relationship; no motion claim","high-to-low route follow with static hold","eye level","along spine toward FG","24","Y","Y","AMR LOGISTICS","N","PK pallets; FG staging; pedestrian safety","Viewer understands infrastructure and intended movement","No animation is present in model","Use planned-route overlay, not animated robot claim","REQUIRED","Prior manifest explicitly notes no AMR animation.","KEEP","V01 modeled evidence retained; V02 source register adds the available project-document references where relevant.","REV004.1 manifest; M03/M04/M05 logs; V03 clean-master manifest","M06V02-S050","24","HIGH"
"CH09-05","CH09 — PACKAGING + AUTOMATION + LOGISTICS","LOGISTICS","Finished goods","Staging","Finished Goods flow","Stage pallets, racks, load and AMR handoff","FG_STAGE_PALLET*; FG_LOAD; FG_PALLET*; FG_RACK_FRAME; AMR_SPINE; PRES_10_FG_DISPATCH","A","REV004.1 manifest; M03/M04/M05 logs; V03 clean-master manifest","FG staging edge","Connect production to warehouse","Show pallet handoff and direction toward FG warehouse","slow dolly along pallet spine","eye level","staging to warehouse","18","Y","Y","FINISHED GOODS FLOW","N","EOL; FG warehouse; dispatch","Pallet flow has a clear destination","Repeated pallets can hide route","Use elevation change for context","REQUIRED","Bridge to warehouse.","KEEP","V01 modeled evidence retained; V02 source register adds the available project-document references where relevant.","REV004.1 manifest; M03/M04/M05 logs; V03 clean-master manifest","M06V02-S051","18","HIGH"
"CH09-06","CH09 — PACKAGING + AUTOMATION + LOGISTICS","LOGISTICS","Finished Goods Warehouse","Warehouse","Finished Goods Warehouse","Racks, aisles, docks and loaded pallets","FG_Warehouse; FG_RACK_FRAME; FG_PALLET*; FG_LOAD; FG_DOCK; PRES_32_FG_WAREHOUSE","A","REV004.1 manifest; M03/M04/M05 logs; V03 clean-master manifest","East logistics edge","Store finished goods before dispatch","Enter aisle, show rack scale and connect to dock","slow aisle dolly then pull out","eye level","down aisle to FG dock","22","Y","Y","FINISHED GOODS WAREHOUSE","N","Finished goods flow; dispatch; trucks","Warehouse interior is understood","Dense pallet arrays","Need readable aisle hold","REQUIRED","Interior is non-negotiable.","KEEP","V01 modeled evidence retained; V02 source register adds the available project-document references where relevant.","REV004.1 manifest; M03/M04/M05 logs; V03 clean-master manifest","M06V02-S052","22","HIGH"
"CH09-07","CH09 — PACKAGING + AUTOMATION + LOGISTICS","LOGISTICS","Dispatch","Outbound","Dispatch and truck loading","Dock, leveler, yard, loads and pallets","FG_DOCK; FG_LEVELER; FG_Truck_Yard; FG_LOAD; FG_PALLET; PRES_33_DISPATCH_DOCKS","A","REV004.1 manifest; M03/M04/M05 logs; V03 clean-master manifest","East/south dispatch edge","End material flow","Show warehouse exit, dock/leveler, truck yard and separation from people circulation","slow vehicle-height departure","vehicle height","warehouse out toward dispatch road","18","Y","Y","DISPATCH / OUTBOUND","N","Pedestrian separation; roads","Tour has a clear physical ending for goods","Truck proxies may be sparse","Do not invent fleet or routes","REQUIRED","Chapter exits toward utilities/finale.","KEEP","V01 modeled evidence retained; V02 source register adds the available project-document references where relevant.","REV004.1 manifest; M03/M04/M05 logs; V03 clean-master manifest","M06V02-S053","18","HIGH"
"CH10-01","CH10 — UTILITIES + ETP + HSE","UTILITIES","Utilities Centre","Energy and air","Utility House and compressed air","Utility house, pipe bridge, air receiver, screw compressor","Utility_House; UTILITY_PIPE_BRIDGE; UTILITY_PROCESS_FLOOR; AIR_RECEIVER; SCREW_COMPRESSOR_00; PRES_34_UTILITIES","A","REV004.1 manifest; M03/M04/M05 logs; V03 clean-master manifest","Service/utility edge","Support production utilities","Show utility house, bridge and compressed-air equipment with service access","slow service-yard move","eye level","toward utility house","18","Y","Y","UTILITIES CENTRE","N","CIP; hypochlorite; solar inverter","Utility support is spatially connected to production","Pipes are proxies","No detailed engineering claim","REQUIRED","Presentation-level utility coverage.","KEEP","V01 modeled evidence retained; V02 source register adds the available project-document references where relevant.","REV004.1 manifest; M03/M04/M05 logs; V03 clean-master manifest","M06V02-S054","18","HIGH"
"CH10-02","CH10 — UTILITIES + ETP + HSE","ENVIRONMENT","ETP","Water treatment","ETP / environmental systems","MBBR, filter press, control, tanks","ETP; ETP_MBBR; ETP_FILTER_PRESS; ETP_CONTROL; ETP_TANK_00..02; PRES_35_ETP","A","REV004.1 manifest; M03/M04/M05 logs; V03 clean-master manifest","Service/environmental edge","Treat wastewater and environmental flows","Show plant context, tank group, filter press and control relationship","slow crane down to plant and hold","medium aerial to eye level","across ETP to tanks","24","Y","Y","ETP / WATER TREATMENT","N","Utilities; Water Wall; sustainability","Environmental system is understandable as a destination","Tank grouping may look generic","Use labels for MBBR/filter press only","REQUIRED","Dedicated sustainability chapter.","KEEP","V01 modeled evidence retained; V02 source register adds the available project-document references where relevant.","REV004.1 manifest; M03/M04/M05 logs; V03 clean-master manifest","M06V02-S055","24","HIGH"
"CH10-03","CH10 — UTILITIES + ETP + HSE","UTILITIES","Maintenance","Workshop","Heavy maintenance / workshop","Workshop, crane, bench references","MAINTENANCE_WORKSHOP; HEAVY_MAINTENANCE; WORKSHOP_CRANE; WORKSHOP_BENCH","C","REV004.1 manifest; M03/M04/M05 logs; V03 clean-master manifest","V03 manifest marks this route blocked; no named geometry in REV004.1 semantic manifest","Identify missing presentation feature","Report as documented/planned but not modeled; do not stage a fake shot","static gap card over campus context","eye level","service yard context","22","N","N","DOCUMENTED NOT MODELED","N","Utilities; production support","Viewer is told why no visual coverage exists","No geometry to photograph","Requires owner decision before M07","DOCUMENTED_NOT_MODELED","Nonessential to architectural tour if owner accepts overlay-only treatment.","KEEP_WITH_CAVEAT","HSE documents a heavy-service corridor; dedicated workshop/crane/bench geometry is not present in the REV004.1 semantic manifest. Use an honest gap card only.","REV004.1 manifest; M03/M04/M05 logs; V03 clean-master manifest; HSE masterplan V2 slides 4,12,16,19-24","M06V02-S056","24","CAVEATED"
"CH10-04","CH10 — UTILITIES + ETP + HSE","HSE","Campus safety","Emergency systems","Fire and emergency systems","Hydrant, pump house, fire water, muster, shower","FIRE_HYDRANT_00; FIRE_PUMP_HOUSE; FIRE_WATER_TANK; EMERGENCY_SHOWER; MUSTER_SIGN_00; MUSTER_POINT_00; FIRE_ROUTE_MARK; PRES_36_FIRE_HSE","A","REV004.1 manifest; M03/M04/M05 logs; V03 clean-master manifest","Campus/service edges","Presentation-level HSE legibility","Show emergency route, fire-water group, muster and shower with restrained overlays","slow route walk with detail inserts","walking height","along fire route to muster","20","Y","Y","FIRE / EMERGENCY / MUSTER","N","Pedestrian spine; utilities; chemical area","Safety features are findable without compliance overclaim","Some objects may be small or hidden","Use 1–2 HSE overlays only","REQUIRED","Concept-level HSE only.","MERGED_ANCHOR","HSE source documents the safety logic; REV004.1 supports presentation-level spatial evidence. No detailed compliance claim.","REV004.1 manifest; M03/M04/M05 logs; V03 clean-master manifest; HSE masterplan V2 slides 4,12,16,19-24","M06V02-S057","30","HIGH"
"CH10-05","CH10 — UTILITIES + ETP + HSE","HSE","Campus circulation","Separation","Forklift and pedestrian safety","Forklift proxy, forks, route marks, walk loop","FORKLIFT_BODY; FORKS; FIRE_ROUTE_MARK; MUSTER_POINT_00; WALK_LOOP_SOUTH","A","REV004.1 manifest; M03/M04/M05 logs; V03 clean-master manifest","South logistics/people interface","Separate people and service movement","Show route markings, forklift zone and pedestrian loop in relation","slow ground-level tracking shot","walking height","parallel along marked route","20","Y","Y","PEDESTRIAN / SERVICE SEPARATION","N","AMR spine; arrival; dispatch","Relationship is understandable without detailed engineering claim","Forklift may be a static proxy","No animated traffic unless M07 adds it","REQUIRED","Safety sequence closes utilities.","MERGED_INTO","HSE source documents the safety logic; REV004.1 supports presentation-level spatial evidence. No detailed compliance claim.","REV004.1 manifest; M03/M04/M05 logs; V03 clean-master manifest; HSE masterplan V2 slides 4,12,16,19-24","M06V02-S057","30","HIGH"
"CH11-01","CH11 — SUSTAINABILITY + FINAL CAMPUS HERO","SUSTAINABILITY","Campus-wide","Sustainability network","Sustainability synthesis","Three PV groups, Living Wall, Water Wall, ETP, landscape, pedestrian planning","SOLAR_ARRAY*; SolarPanel*; SOLAR_CARPORT_PANEL*; LIVING_WALL_EXTENDED_BACKING; POVU_WATER_WALL_BASIN_WATER; ETP; landscape groups","A/B","REV004.1 manifest; M03/M04/M05 logs; V03 clean-master manifest","Campus-wide","Connect distributed sustainability systems","Intercut or spatially motivated return to all confirmed sustainability elements","restrained montage with geographic match cuts","mixed","solar field → campus → VIP → ETP","18","Y","Y","SUSTAINABILITY / campus system","Y","People campus; utilities; pedestrian spine","Summary names only confirmed features","Many systems are far apart","Maintain orientation between cuts","REQUIRED","Not a generic green montage.","KEEP","V01 modeled evidence retained; V02 source register adds the available project-document references where relevant.","REV004.1 manifest; M03/M04/M05 logs; V03 clean-master manifest; HSE masterplan V2 slides 2,14-16","M06V02-S058","18","MEDIUM"
"CH11-02","CH11 — SUSTAINABILITY + FINAL CAMPUS HERO","PORTFOLIO","Factory capabilities","91-SKU relationship","Portfolio relationship","Manufacturing families, not 91 products","91-SKU workbook not present; modeled capability groups from machine manifest","D","REV004.1 manifest; M03/M04/M05 logs; V03 clean-master manifest","No 91-SKU workbook located in repo/workspace","State evidence boundary","Use restrained text only: broad multi-category FMCG portfolio; no SKU claims","near-static line montage with text hold","medium height","across representative lines","20","N","N","BROAD FMCG CAPABILITY","N","Bottle; liquids; sachets; powder; toothpaste; wipes","Portfolio breadth is framed without inventing product mapping","No workbook or product assets available","Requires owner workbook before SKU-specific claims","UNCERTAIN","Owner evidence required for exact relationship.","KEEP","91-SKU narrative is document-closed at family/format level; final film must claim capability families, not one-to-one modeled SKU identity.","REV004.1 manifest; M03/M04/M05 logs; V03 clean-master manifest; Brand Strategy slides 2,8-10; Presidential Deck slides 6,9-14; 91-SKU workbook sheets 14(3.4),15(3.4),17(2.5)","M06V02-S059","20","HIGH"
"CH11-03","CH11 — SUSTAINABILITY + FINAL CAMPUS HERO","PEOPLE","Campus experience","Mission","People and public realm final","VIP, HOG, Academy, café, wellness, gardens","HANDS_OF_GROWTH; POVU Plaza; employee gardens; Admin/R&D; Academy; café; wellness","A","REV004.1 manifest; M03/M04/M05 logs; V03 clean-master manifest","People campus and public realm","Close human story","Return to landmark and people destinations; reinforce People • Skills • Future","gentle arc with holds","eye to medium height","plaza toward people campus","18","Y","Y","PEOPLE / SKILLS / FUTURE","N","Sustainability; VIP; campus wayfinding","Viewer understands people as central to campus purpose","Landmark can be occluded by trees","Use HOG label one final time","REQUIRED","Narrative return.","KEEP","V01 modeled evidence retained; V02 source register adds the available project-document references where relevant.","REV004.1 manifest; M03/M04/M05 logs; V03 clean-master manifest","M06V02-S060","18","HIGH"
"CH11-04","CH11 — SUSTAINABILITY + FINAL CAMPUS HERO","CAMPUS","Campus masterplan","Final orientation","All-campus context","Major zones and route closure","PRES_01_CAMPUS_HERO; NAV_TARGET_*; smart totems","A","REV004.1 manifest; M03/M04/M05 logs; V03 clean-master manifest","Campus-wide","Resolve spatial narrative","Aerial returns to opening direction with major zones named subtly","restrained aerial pullback","high aerial","reverse of opening route","12","Y","N","FINAL CAMPUS / route complete","N","Production; people; sustainability","Film ends where it began with full orientation","Final wide may lose detail","Hold before title card","REQUIRED","No rushed pullback.","KEEP","V01 modeled evidence retained; V02 source register adds the available project-document references where relevant.","REV004.1 manifest; M03/M04/M05 logs; V03 clean-master manifest","M06V02-S061","12","HIGH"
"CH11-05","CH11 — SUSTAINABILITY + FINAL CAMPUS HERO","CAMPUS","POVU Kenya FMCG Campus","Final title","Mission and title","POVU identity and final title","POVU_VIP_SIGN; POVU_PRODUCTION_SIGN; POVU campus identity","A","REV004.1 manifest; M03/M04/M05 logs; V03 clean-master manifest","Campus identity signage","Leave a clear final statement","Final title over stable hero frame; no unsupported claim","near-static hero hold","high aerial to stable","campus-facing hero","20","N","N","final title / POVU Kenya FMCG Campus","N","Sustainability summary; route closure","Viewer knows what the campus is and why it matters","Title may compete with geometry","Use final title only after hold","REQUIRED","End card allowance included separately.","KEEP","V01 modeled evidence retained; V02 source register adds the available project-document references where relevant.","REV004.1 manifest; M03/M04/M05 logs; V03 clean-master manifest","M06V02-S062","20","HIGH"
